n°,question,catégorie,priorité,statut
1,ما هو أفضل مشروع على الإنترنت للمبتدئين في 2026؟,A. DÉBUTER EN E-COMMERCE (questions générales),🔥⭐,redige_avant_blog (à réintégrer au moule)
2,كيف أبدأ التجارة الإلكترونية من الصفر خطوة بخطوة؟,A. DÉBUTER EN E-COMMERCE (questions générales),⭐,a_faire
3,هل التجارة الإلكترونية مربحة فعلاً في 2026؟,A. DÉBUTER EN E-COMMERCE (questions générales),⭐,publie
4,كيف أتعلم التجارة الإلكترونية من البيت؟,A. DÉBUTER EN E-COMMERCE (questions générales),,a_faire
5,كم من الوقت أحتاج لأرى أول نتائج في التجارة الإلكترونية؟,A. DÉBUTER EN E-COMMERCE (questions générales),,a_faire
6,هل يمكن النجاح في التجارة الإلكترونية بدون خبرة تقنية؟,A. DÉBUTER EN E-COMMERCE (questions générales),,a_faire
7,ما هي أنواع التجارة الإلكترونية؟ وأيها الأنسب للمبتدئ؟,A. DÉBUTER EN E-COMMERCE (questions générales),,a_faire
8,هل التجارة الإلكترونية صعبة؟ الحقيقة بدون مبالغة,A. DÉBUTER EN E-COMMERCE (questions générales),,a_faire
9,كيف أختار النيش المناسب لمتجري الإلكتروني؟,A. DÉBUTER EN E-COMMERCE (questions générales),,a_faire
10,ما الفرق بين التجارة الإلكترونية والتجارة التقليدية؟,A. DÉBUTER EN E-COMMERCE (questions générales),,a_faire
11,هل أحتاج شهادة أو دراسة لأعمل في التجارة الإلكترونية؟,A. DÉBUTER EN E-COMMERCE (questions générales),,a_faire
12,كم ساعة في اليوم تحتاج التجارة الإلكترونية؟,A. DÉBUTER EN E-COMMERCE (questions générales),,a_faire
13,هل أستطيع العمل في التجارة الإلكترونية بجانب وظيفتي؟,A. DÉBUTER EN E-COMMERCE (questions générales),,a_faire
14,ما هي مراحل إطلاق متجر إلكتروني ناجح؟,A. DÉBUTER EN E-COMMERCE (questions générales),,a_faire
15,كيف أعرف أن منتجاً ما سيبيع قبل أن أستثمر فيه؟,A. DÉBUTER EN E-COMMERCE (questions générales),,a_faire
16,ما هو المنتج الرابح؟ وكيف أجده في 2026؟,A. DÉBUTER EN E-COMMERCE (questions générales),,a_faire
17,أين أجد موردين موثوقين لمتجري الإلكتروني؟,A. DÉBUTER EN E-COMMERCE (questions générales),,a_faire
18,كيف أبدأ التجارة الإلكترونية وأنا خائف من الفشل؟,A. DÉBUTER EN E-COMMERCE (questions générales),,a_faire
19,ما هي أفضل النيشات الرابحة في 2026؟,A. DÉBUTER EN E-COMMERCE (questions générales),,a_faire
20,التجارة الإلكترونية للمبتدئين: خارطة طريق كاملة من الصفر,A. DÉBUTER EN E-COMMERCE (questions générales),,a_faire
21,كم أحتاج من المال لبدء التجارة الإلكترونية؟,B. BUDGET & ARGENT,🔥⭐,redige_avant_blog (à réintégrer au moule)
22,هل يمكن بدء التجارة الإلكترونية بدون رأس مال (0€)؟,B. BUDGET & ARGENT,,a_faire
23,هل يمكن البدء بـ 100€ فقط؟ وماذا أحقق بها؟,B. BUDGET & ARGENT,,a_faire
24,كيف أوزع ميزانية 500€ لإطلاق متجري؟,B. BUDGET & ARGENT,,a_faire
25,كم تكلفة إنشاء متجر شوبيفاي شهرياً؟,B. BUDGET & ARGENT,,a_faire
26,كم ميزانية الإعلانات المناسبة للمبتدئ؟,B. BUDGET & ARGENT,,a_faire
27,متى أسترجع رأس مالي في التجارة الإلكترونية؟,B. BUDGET & ARGENT,,a_faire
28,كم يربح أصحاب المتاجر الإلكترونية شهرياً؟ (أرقام حقيقية),B. BUDGET & ARGENT,,a_faire
29,ما هو هامش الربح المثالي في التجارة الإلكترونية؟,B. BUDGET & ARGENT,,a_faire
30,كيف أسعّر منتجاتي بطريقة صحيحة؟,B. BUDGET & ARGENT,,a_faire
31,لماذا أخسر المال في إعلاناتي؟ وكيف أوقف النزيف؟,B. BUDGET & ARGENT,,a_faire
32,كيف أعيد استثمار أرباحي الأولى بذكاء؟,B. BUDGET & ARGENT,,a_faire
33,هل التجارة الإلكترونية أرخص من فتح محل تقليدي؟,B. BUDGET & ARGENT,,a_faire
34,التكاليف الخفية في التجارة الإلكترونية التي لا يخبرك بها أحد,B. BUDGET & ARGENT,,a_faire
35,كيف أبدأ بميزانية صغيرة وأكبر تدريجياً؟ (خطة 90 يوم),B. BUDGET & ARGENT,,a_faire
36,ما هو الدروبشيبينغ؟ وكيف يعمل بالضبط؟,C. DROPSHIPPING & MODÈLES,⭐,a_faire
37,هل الدروبشيبينغ ما زال مربحاً في 2026؟,C. DROPSHIPPING & MODÈLES,🔥,a_faire
38,ما الفرق بين الدروبشيبينغ ونظام الماركة (البراندينغ)؟,C. DROPSHIPPING & MODÈLES,,a_faire
39,لماذا يفشل أغلب المبتدئين في الدروبشيبينغ الكلاسيكي؟,C. DROPSHIPPING & MODÈLES,,a_faire
40,الدروبشيبينغ من الصين: المشاكل والبدائل,C. DROPSHIPPING & MODÈLES,,a_faire
41,كيف أبني ماركة خاصة بي بدل بيع منتجات عامة؟,C. DROPSHIPPING & MODÈLES,,a_faire
42,ما هو البراندينغ في التجارة الإلكترونية؟ ولماذا يضاعف أرباحك؟,C. DROPSHIPPING & MODÈLES,,a_faire
43,الطباعة عند الطلب (Print on Demand) أم الدروبشيبينغ؟,C. DROPSHIPPING & MODÈLES,,a_faire
44,هل أمازون FBA أفضل من المتجر الخاص؟,C. DROPSHIPPING & MODÈLES,,a_faire
45,البيع بالجملة أم القطعة الواحدة: أيهما أنسب للمبتدئ؟,C. DROPSHIPPING & MODÈLES,,a_faire
46,كيف أتعامل مع الموردين وأتفاوض على الأسعار؟,C. DROPSHIPPING & MODÈLES,,a_faire
47,متى أنتقل من الدروبشيبينغ إلى تخزين منتجاتي؟,C. DROPSHIPPING & MODÈLES,,a_faire
48,كيف أحمي ماركتي من النسخ والتقليد؟,C. DROPSHIPPING & MODÈLES,,a_faire
49,منتج واحد أم متجر عام: أي استراتيجية أربح؟,C. DROPSHIPPING & MODÈLES,,a_faire
50,كيف أحوّل متجر دروبشيبينغ إلى ماركة بملايين؟,C. DROPSHIPPING & MODÈLES,,a_faire
51,كيف أنشئ متجر شوبيفاي خطوة بخطوة بالعربية؟ (+ lien affilié),D. SHOPIFY & OUTILS,🔥⭐,a_faire
52,شوبيفاي أم ووكومرس: أيهما أفضل للمبتدئ العربي؟,D. SHOPIFY & OUTILS,,a_faire
53,كم تكلفة شوبيفاي الحقيقية؟ (الاشتراك + الرسوم الخفية),D. SHOPIFY & OUTILS,,a_faire
54,أفضل قوالب شوبيفاي المجانية والمدفوعة في 2026,D. SHOPIFY & OUTILS,,a_faire
55,أفضل تطبيقات شوبيفاي الضرورية لكل متجر جديد,D. SHOPIFY & OUTILS,,a_faire
56,كيف أربط وسائل الدفع بمتجر شوبيفاي؟,D. SHOPIFY & OUTILS,,a_faire
57,كيف أحسّن سرعة متجري على شوبيفاي؟,D. SHOPIFY & OUTILS,,a_faire
58,هل يمكن إنشاء متجر شوبيفاي بالعربية بالكامل؟,D. SHOPIFY & OUTILS,,a_faire
59,YouCan وShopify وSalla: مقارنة المنصات للسوق العربي,D. SHOPIFY & OUTILS,,a_faire
60,كيف أصمم صفحة منتج تبيع؟ (العناصر الأساسية),D. SHOPIFY & OUTILS,,a_faire
61,كيف أكتب وصف منتج يقنع الزائر بالشراء؟,D. SHOPIFY & OUTILS,,a_faire
62,أفضل أدوات البحث عن المنتجات الرابحة (مجانية ومدفوعة),D. SHOPIFY & OUTILS,,a_faire
63,كيف أصور منتجاتي باحترافية بهاتفي فقط؟,D. SHOPIFY & OUTILS,,a_faire
64,ما هو الـ Landing Page؟ ومتى أحتاجه بدل المتجر؟,D. SHOPIFY & OUTILS,,a_faire
65,كيف أنشئ لوغو وهوية بصرية لماركتي مجاناً؟,D. SHOPIFY & OUTILS,,a_faire
66,كيف أعلن على فيسبوك وإنستغرام؟ دليل المبتدئ الكامل,E. PUBLICITÉ PAYANTE,⭐,a_faire
67,إعلانات تيك توك للتجارة الإلكترونية: الدليل الشامل,E. PUBLICITÉ PAYANTE,🔥,a_faire
68,كم أحتاج ميزانية لإعلانات فيسبوك كمبتدئ؟,E. PUBLICITÉ PAYANTE,,a_faire
69,لماذا لا تبيع إعلاناتي؟ الأخطاء العشرة الشائعة,E. PUBLICITÉ PAYANTE,,a_faire
70,كيف أستهدف الجمهور الصحيح في إعلاناتي؟,E. PUBLICITÉ PAYANTE,,a_faire
71,إعلانات فيسبوك أم تيك توك: أيهما أفضل لمنتجي؟,E. PUBLICITÉ PAYANTE,,a_faire
72,كيف أصنع فيديو إعلاني يبيع بدون ظهور وجهي؟,E. PUBLICITÉ PAYANTE,,a_faire
73,ما هو الـ ROAS؟ وكيف أحسب ربحية إعلاناتي؟,E. PUBLICITÉ PAYANTE,,a_faire
74,متى أوقف إعلاناً خاسراً؟ ومتى أصبر عليه؟,E. PUBLICITÉ PAYANTE,,a_faire
75,كيف أوسّع (Scale) إعلاناً رابحاً بدون أن أحرقه؟,E. PUBLICITÉ PAYANTE,,a_faire
76,حساب الإعلانات تم حظره: الأسباب والحلول,E. PUBLICITÉ PAYANTE,,a_faire
77,كيف أكتب نص إعلاني (Copy) يجذب النقرات؟,E. PUBLICITÉ PAYANTE,,a_faire
78,إعلانات Google Shopping للمتاجر: متى وكيف؟,E. PUBLICITÉ PAYANTE,,a_faire
79,إعلانات سناب شات للسوق الخليجي: دليل عملي,E. PUBLICITÉ PAYANTE,,a_faire
80,الإعلان بالمؤثرين: كيف أختار وكم أدفع؟,E. PUBLICITÉ PAYANTE,,a_faire
81,ما هو البيكسل؟ ولماذا هو أهم أداة في إعلاناتك؟,E. PUBLICITÉ PAYANTE,,a_faire
82,كيف أختبر عدة منتجات بأقل ميزانية ممكنة؟,E. PUBLICITÉ PAYANTE,,a_faire
83,استراتيجية الإعلانات في رمضان والمواسم,E. PUBLICITÉ PAYANTE,,a_faire
84,كيف أعيد استهداف الزوار الذين لم يشتروا؟ (Retargeting),E. PUBLICITÉ PAYANTE,,a_faire
85,أسرار الإعلانات الناجحة في 2026: ما تغيّر وما بقي,E. PUBLICITÉ PAYANTE,,a_faire
86,كيف أجلب زبائن لمتجري بدون إعلانات مدفوعة؟,F. TRAFIC GRATUIT & RÉSEAUX,,a_faire
87,كيف أربح من تيك توك أورغانيك؟ (متجر + محتوى),F. TRAFIC GRATUIT & RÉSEAUX,⭐,a_faire
88,كم فيديو يومياً أنشر لأبني جمهوراً يشتري؟,F. TRAFIC GRATUIT & RÉSEAUX,,a_faire
89,كيف أصنع Reels تجلب مبيعات حقيقية؟,F. TRAFIC GRATUIT & RÉSEAUX,,a_faire
90,السيو للمتاجر الإلكترونية: كيف أظهر في جوجل؟,F. TRAFIC GRATUIT & RÉSEAUX,,a_faire
91,التسويق عبر البريد الإلكتروني للمتاجر: يستحق أم لا؟,F. TRAFIC GRATUIT & RÉSEAUX,,a_faire
92,كيف أبني صفحة إنستغرام لماركتي من الصفر؟,F. TRAFIC GRATUIT & RÉSEAUX,,a_faire
93,واتساب بزنس للمتاجر: كيف أستعمله للبيع والمتابعة؟,F. TRAFIC GRATUIT & RÉSEAUX,,a_faire
94,المحتوى أم الإعلانات: من أين أبدأ بميزانية محدودة؟,F. TRAFIC GRATUIT & RÉSEAUX,,a_faire
95,كيف أجمع متابعين حقيقيين مهتمين بمنتجاتي؟,F. TRAFIC GRATUIT & RÉSEAUX,,a_faire
96,كيف أبدأ التجارة الإلكترونية في المغرب؟ (دليل 2026),G. PAR PAYS — MAGHREB,🔥,a_faire
97,كيف أبدأ التجارة الإلكترونية في الجزائر؟ (دليل 2026),G. PAR PAYS — MAGHREB,🔥,a_faire
98,كيف أبدأ التجارة الإلكترونية في تونس؟,G. PAR PAYS — MAGHREB,,a_faire
99,الدفع عند الاستلام (COD): كيف يشتغل ولماذا هو ملك المغرب العربي؟,G. PAR PAYS — MAGHREB,,a_faire
100,كيف أقلل الطلبات المرفوضة عند التسليم؟ (مشكل الـ COD الأكبر),G. PAR PAYS — MAGHREB,,a_faire
101,أفضل شركات التوصيل للمتاجر في المغرب,G. PAR PAYS — MAGHREB,,a_faire
102,أفضل شركات التوصيل في الجزائر للتجارة الإلكترونية,G. PAR PAYS — MAGHREB,,a_faire
103,هل أحتاج سجلاً تجارياً لأبيع أونلاين في المغرب؟,G. PAR PAYS — MAGHREB,,a_faire
104,كيف أستقبل الأموال من الخارج في المغرب/الجزائر؟ (باي بال وبدائله),G. PAR PAYS — MAGHREB,,a_faire
105,البيع في أوروبا وأنت مقيم في المغرب: ممكن؟ وكيف؟,G. PAR PAYS — MAGHREB,,a_faire
106,مشاكل الدفع الإلكتروني في الجزائر وحلولها العملية,G. PAR PAYS — MAGHREB,,a_faire
107,أفضل المنتجات مبيعاً في السوق المغاربي,G. PAR PAYS — MAGHREB,,a_faire
108,كيف أبدأ التجارة الإلكترونية في السعودية؟ (متطلبات 2026),H. PAR PAYS — GOLFE & MOYEN-ORIENT,,a_faire
109,كيف أبدأ متجراً إلكترونياً في الإمارات؟,H. PAR PAYS — GOLFE & MOYEN-ORIENT,,a_faire
110,التجارة الإلكترونية في مصر: الفرص والتحديات,H. PAR PAYS — GOLFE & MOYEN-ORIENT,,a_faire
111,هل أحتاج سجلاً تجارياً في السعودية لمتجر إلكتروني؟ (معروف وغيرها),H. PAR PAYS — GOLFE & MOYEN-ORIENT,,a_faire
112,أفضل بوابات الدفع في الخليج (مدى، تابي، تمارا...),H. PAR PAYS — GOLFE & MOYEN-ORIENT,,a_faire
113,سوق الكويت وقطر والبحرين: فرص التجارة الإلكترونية الصغيرة,H. PAR PAYS — GOLFE & MOYEN-ORIENT,,a_faire
114,كيف أبيع في السوق السعودي وأنا خارج السعودية؟,H. PAR PAYS — GOLFE & MOYEN-ORIENT,,a_faire
115,المنتجات الأكثر طلباً في الخليج 2026,H. PAR PAYS — GOLFE & MOYEN-ORIENT,,a_faire
116,كيف تبدأ التجارة الإلكترونية وأنت مقيم في فرنسا؟ (Auto-entrepreneur),I. PAR PAYS — DIASPORA EUROPE,🔥🎯,a_faire
117,التجارة الإلكترونية في بلجيكا وهولندا للعرب المقيمين,I. PAR PAYS — DIASPORA EUROPE,,a_faire
118,كيف أبدأ بزنس أونلاين في ألمانيا كمقيم عربي؟,I. PAR PAYS — DIASPORA EUROPE,,a_faire
119,الضرائب على المتاجر الإلكترونية في أوروبا: ما يجب أن تعرفه,I. PAR PAYS — DIASPORA EUROPE,,a_faire
120,هل أبيع للسوق الأوروبي أم العربي وأنا في أوروبا؟,I. PAR PAYS — DIASPORA EUROPE,,a_faire
121,وضع Auto-entrepreneur الفرنسي للتجارة الإلكترونية: الدليل بالعربية,I. PAR PAYS — DIASPORA EUROPE,,a_faire
122,كيف أوفّق بين وظيفتي في أوروبا ومتجري الإلكتروني؟,I. PAR PAYS — DIASPORA EUROPE,,a_faire
123,قصص عرب نجحوا في التجارة الإلكترونية من أوروبا,I. PAR PAYS — DIASPORA EUROPE,,a_faire
124,مشروع مربح للمرأة في البيت: التجارة الإلكترونية للأمهات,J. PAR AUDIENCE,🔥🎯,a_faire
125,كيف تبدأ ربة البيت متجراً إلكترونياً بين مسؤوليات المنزل؟,J. PAR AUDIENCE,,a_faire
126,التجارة الإلكترونية للطلاب: ابدأ بجانب دراستك,J. PAR AUDIENCE,,a_faire
127,كيف يبدأ الموظف التجارة الإلكترونية بساعة إلى ساعتين يومياً؟,J. PAR AUDIENCE,,a_faire
128,هل العمر مهم؟ التجارة الإلكترونية بعد الأربعين والخمسين,J. PAR AUDIENCE,,a_faire
129,التجارة الإلكترونية بدون ظهور: للمحجبات ومن لا يريد الظهور,J. PAR AUDIENCE,,a_faire
130,من موظف إلى صاحب بزنس: متى وكيف تستقيل بأمان؟,J. PAR AUDIENCE,,a_faire
131,التجارة الإلكترونية للمبتدئين فوق سن الخمسين: قصص حقيقية,J. PAR AUDIENCE,,a_faire
132,كيف يتعاون الزوجان في بناء متجر إلكتروني؟ (قصص ناجحة),J. PAR AUDIENCE,,a_faire
133,من اللجوء إلى البزنس: كيف بدأ لاجئون عرب تجارتهم في أوروبا,J. PAR AUDIENCE,,a_faire
134,كيف أستقبل المدفوعات في متجري؟ (كل الطرق حسب بلدك),"K. PAIEMENTS, LIVRAISON & OPÉRATIONS",,a_faire
135,باي بال محظور في بلدي: ما البدائل؟,"K. PAIEMENTS, LIVRAISON & OPÉRATIONS",,a_faire
136,سترايب (Stripe): كيف أفتح حساباً وأنا في بلد غير مدعوم؟,"K. PAIEMENTS, LIVRAISON & OPÉRATIONS",,a_faire
137,كم تستغرق مدة الشحن؟ وكيف أتعامل مع زبون مستعجل؟,"K. PAIEMENTS, LIVRAISON & OPÉRATIONS",,a_faire
138,كيف أتعامل مع طلبات الاسترجاع والاستبدال؟,"K. PAIEMENTS, LIVRAISON & OPÉRATIONS",,a_faire
139,ماذا أفعل عندما يصل المنتج تالفاً للزبون؟,"K. PAIEMENTS, LIVRAISON & OPÉRATIONS",,a_faire
140,كيف أتابع طلباتي وأرسلها أوتوماتيكياً؟,"K. PAIEMENTS, LIVRAISON & OPÉRATIONS",,a_faire
141,التغليف والباكيجينغ: كيف يضاعف قيمة ماركتك؟,"K. PAIEMENTS, LIVRAISON & OPÉRATIONS",,a_faire
142,كيف أختار وكيل شحن (Agent) موثوق؟,"K. PAIEMENTS, LIVRAISON & OPÉRATIONS",,a_faire
143,خدمة العملاء للمتاجر: الرسائل الجاهزة والأدوات,"K. PAIEMENTS, LIVRAISON & OPÉRATIONS",,a_faire
144,هل التجارة الإلكترونية حلال؟ حكم الدروبشيبينغ بالتفصيل,"L. LÉGAL, HALAL & FISCAL",🔥⭐,a_faire
145,حكم بيع ما لا تملك في الدروبشيبينغ: آراء العلماء والحلول,"L. LÉGAL, HALAL & FISCAL",,a_faire
146,كيف أجعل متجري متوافقاً مع الشريعة 100%؟,"L. LÉGAL, HALAL & FISCAL",,a_faire
147,هل أدفع ضرائب على أرباح متجري الإلكتروني؟ (حسب البلد),"L. LÉGAL, HALAL & FISCAL",,a_faire
148,ما هي الوثائق القانونية الضرورية لمتجر إلكتروني؟,"L. LÉGAL, HALAL & FISCAL",,a_faire
149,سياسة الإرجاع وشروط الاستخدام: قوالب جاهزة لمتجرك,"L. LÉGAL, HALAL & FISCAL",,a_faire
150,هل بيع المنتجات المقلدة قانوني؟ المخاطر الحقيقية,"L. LÉGAL, HALAL & FISCAL",,a_faire
151,حقوق الصور والمحتوى: ماذا يمكنني استعماله في إعلاناتي؟,"L. LÉGAL, HALAL & FISCAL",,a_faire
152,التصريح بالدخل من التجارة الإلكترونية في فرنسا/أوروبا,"L. LÉGAL, HALAL & FISCAL",,a_faire
153,الفرق بين التهرب الضريبي والتحسين الضريبي لأصحاب المتاجر,"L. LÉGAL, HALAL & FISCAL",,a_faire
154,كيف يساعدك الذكاء الاصطناعي في التجارة الإلكترونية؟ (دليل عملي),M. INTELLIGENCE ARTIFICIELLE,🔥,a_faire
155,كيف أستعمل ChatGPT لكتابة أوصاف منتجات تبيع؟,M. INTELLIGENCE ARTIFICIELLE,,a_faire
156,أدوات الذكاء الاصطناعي لصناعة صور المنتجات,M. INTELLIGENCE ARTIFICIELLE,,a_faire
157,كيف أصنع فيديوهات إعلانية بالذكاء الاصطناعي؟,M. INTELLIGENCE ARTIFICIELLE,,a_faire
158,هل سيقتل الذكاء الاصطناعي التجارة الإلكترونية أم يطورها؟,M. INTELLIGENCE ARTIFICIELLE,,a_faire
159,البحث عن المنتجات الرابحة بالذكاء الاصطناعي,M. INTELLIGENCE ARTIFICIELLE,,a_faire
160,كيف أبني متجراً كاملاً بمساعدة الذكاء الاصطناعي في يوم واحد؟,M. INTELLIGENCE ARTIFICIELLE,,a_faire
161,أتمتة خدمة العملاء بالذكاء الاصطناعي: الأدوات والطرق,M. INTELLIGENCE ARTIFICIELLE,,a_faire
162,الذكاء الاصطناعي في الإعلانات: الاستهداف والتحسين الذكي,M. INTELLIGENCE ARTIFICIELLE,,a_faire
163,10 أدوات ذكاء اصطناعي مجانية لكل صاحب متجر,M. INTELLIGENCE ARTIFICIELLE,,a_faire
164,التداول أم التجارة الإلكترونية: أين تستثمر وقتك ومالك؟,N. COMPARAISONS & ALTERNATIVES,🔥,a_faire
165,الأفلييت أم متجرك الخاص: مقارنة صادقة,N. COMPARAISONS & ALTERNATIVES,,a_faire
166,العمل الحر (فريلانس) أم التجارة الإلكترونية؟,N. COMPARAISONS & ALTERNATIVES,,a_faire
167,اليوتيوب والمحتوى أم التجارة الإلكترونية: أيهما يربح أسرع؟,N. COMPARAISONS & ALTERNATIVES,,a_faire
168,العملات الرقمية أم بزنس حقيقي: لماذا اخترنا التجارة؟,N. COMPARAISONS & ALTERNATIVES,,a_faire
169,التجارة الإلكترونية أم العقارات للمبتدئ بميزانية صغيرة؟,N. COMPARAISONS & ALTERNATIVES,,a_faire
170,الدورات المجانية على يوتيوب أم التكوين المدفوع؟,N. COMPARAISONS & ALTERNATIVES,🔥,a_faire
171,كيف تختار دورة تجارة إلكترونية جيدة؟ (8 معايير قبل الدفع),N. COMPARAISONS & ALTERNATIVES,🔥,a_faire
172,لماذا فشلت مع دورات سابقة؟ وكيف تختلف المرة القادمة؟,N. COMPARAISONS & ALTERNATIVES,,a_faire
173,أمازون FBA أم الماركة الخاصة: مقارنة 2026,N. COMPARAISONS & ALTERNATIVES,,a_faire
174,البيع على أمازون وإيباي أم متجر مستقل؟,N. COMPARAISONS & ALTERNATIVES,,a_faire
175,ميرش باي أمازون للمبتدئين العرب: يستحق؟,N. COMPARAISONS & ALTERNATIVES,,a_faire
176,الخدمات المصغرة (فايفر) أم بيع المنتجات؟,N. COMPARAISONS & ALTERNATIVES,,a_faire
177,بيع المنتجات الرقمية أم الفيزيائية: أيهما أسهل وأربح؟,N. COMPARAISONS & ALTERNATIVES,,a_faire
178,وظيفة ثانية أم بزنس أونلاين: حسبة الوقت والمال,N. COMPARAISONS & ALTERNATIVES,,a_faire
179,أكبر 7 أخطاء تقتل المتاجر الإلكترونية الجديدة,"O. ERREURS, ÉCHECS & ARNAQUES",🔥,a_faire
180,لماذا يفشل 90% من المبتدئين في التجارة الإلكترونية؟,"O. ERREURS, ÉCHECS & ARNAQUES",,a_faire
181,فشل متجري الأول: هل أعيد المحاولة أم أستسلم؟,"O. ERREURS, ÉCHECS & ARNAQUES",,a_faire
182,كيف تعرف الدورات النصابة من الجادة؟ (علامات تكشف الاحتيال),"O. ERREURS, ÉCHECS & ARNAQUES",,a_faire
183,"""اربح 10000$ في أسبوع"": كيف تميز الوعود الكاذبة؟","O. ERREURS, ÉCHECS & ARNAQUES",,a_faire
184,أخطاء اختيار المنتج التي تحرق ميزانيتك,"O. ERREURS, ÉCHECS & ARNAQUES",,a_faire
185,متجر جميل بدون مبيعات: التشخيص والعلاج,"O. ERREURS, ÉCHECS & ARNAQUES",,a_faire
186,لماذا يتخلى الزوار عن السلة قبل الدفع؟ وكيف تستعيدهم؟,"O. ERREURS, ÉCHECS & ARNAQUES",,a_faire
187,قصص فشل حقيقية في التجارة الإلكترونية ودروسها,"O. ERREURS, ÉCHECS & ARNAQUES",,a_faire
188,الحماس الزائد ثم الاستسلام: كيف تحافظ على استمراريتك؟,"O. ERREURS, ÉCHECS & ARNAQUES",,a_faire
189,قصص نجاح عرب في التجارة الإلكترونية: أرقام حقيقية موثقة,"P. RÉUSSITE, PREUVE & SCALING",🔥,a_faire
190,من أول مبيعة إلى أول 1000€: المراحل بالتفصيل,"P. RÉUSSITE, PREUVE & SCALING",,a_faire
191,كيف حققت أم تونسية 9000$ في أقل من 12 ساعة؟ (قصة موثقة),"P. RÉUSSITE, PREUVE & SCALING",,a_faire
192,من راتب 1100€ إلى 50 ألف يورو في شهر: قصة سفيان من إيطاليا,"P. RÉUSSITE, PREUVE & SCALING",,a_faire
193,كيف وصل متجر إلى 368 ألف دولار في شهر واحد؟ (تحليل كامل),"P. RÉUSSITE, PREUVE & SCALING",,a_faire
194,متى أوظف أول شخص في متجري؟,"P. RÉUSSITE, PREUVE & SCALING",,a_faire
195,كيف أتوسع من بلد واحد إلى عدة أسواق؟,"P. RÉUSSITE, PREUVE & SCALING",,a_faire
196,من متجر واحد إلى عدة متاجر: استراتيجية التعدد,"P. RÉUSSITE, PREUVE & SCALING",,a_faire
197,كيف أبني فريقاً يدير متجري وأنا أشرف فقط؟,"P. RÉUSSITE, PREUVE & SCALING",,a_faire
198,كم يستغرق الوصول إلى 3000€ شهرياً؟ (خط زمني واقعي),"P. RÉUSSITE, PREUVE & SCALING",,a_faire
199,كيف أحول متجري إلى ماركة تُباع بملايين؟ (Exit strategy),"P. RÉUSSITE, PREUVE & SCALING",,a_faire
200,خطة 12 شهراً: من الصفر إلى بزنس مستقر — الدليل الكامل,"P. RÉUSSITE, PREUVE & SCALING",,a_faire
